{
  "width": 900,
  "height": 900,
  "space": [ 0.00032, 0.00032, 0.001 ],
  "row": 1,
  "col": 1,
  "screen": {
    "0": {
      "offsetX": 0,
      "offsetY": 0,
      "resourcePath": "D:/MouseNeuronData/mouse_file_config.json"
    }
  },
  "tf": {
    "0": [ 0.0, 0.0, 0.0, 0.0 ],
    "25": [ 0.0, 0.0, 0.0, 0.0 ],
    "60": [ 0.75, 0.5, 1.0, 0.0 ],
    "64": [ 0.75, 0.75, 0.75, 0.9 ],
    "224": [ 1.0, 0.5, 0.75, 0.9 ],
    "255": [ 1.0, 1.0, 1.0, 1.0 ]
  }
}